{"cameraMode":{"drawMode":0,"name":"Shaded","section":"Shading Mode"},"sceneLighting":true,"audioPlay":false,"sceneViewState":{"m_AlwaysRefresh":false,"showFog":true,"showSkybox":true,"showFlares":true,"showImageEffects":true,"showParticleSystems":true,"showVisualEffectGraphs":true,"m_FxEnabled":true},"in2DMode":false,"pivot":{"x":19.959762573242189,"y":89.61206817626953,"z":116.3185806274414},"rotation":{"x":0.40029779076576235,"y":0.013745960779488087,"z":-0.006002271082252264,"w":0.9162442088127136},"size":452.6230773925781,"orthographic":true}