{"cameraMode":{"drawMode":0,"name":"Shaded","section":"Shading Mode"},"sceneLighting":true,"audioPlay":false,"sceneViewState":{"m_AlwaysRefresh":false,"showFog":true,"showSkybox":true,"showFlares":true,"showImageEffects":true,"showParticleSystems":true,"showVisualEffectGraphs":true,"m_FxEnabled":true},"in2DMode":false,"pivot":{"x":59.73283004760742,"y":270.11334228515627,"z":-293.0578918457031},"rotation":{"x":0.37987303733825686,"y":-0.10513362288475037,"z":0.04338501766324043,"w":0.9178337454795837},"size":12.366009712219239,"orthographic":true}