{"cameraMode":{"drawMode":0,"name":"Shaded","section":"Shading Mode"},"sceneLighting":true,"audioPlay":false,"sceneViewState":{"m_AlwaysRefresh":false,"showFog":true,"showSkybox":true,"showFlares":true,"showImageEffects":true,"showParticleSystems":true,"showVisualEffectGraphs":true,"m_FxEnabled":true},"in2DMode":false,"pivot":{"x":579.195068359375,"y":323.56207275390627,"z":-162.098388671875},"rotation":{"x":-0.05007387697696686,"y":0.013558106496930123,"z":0.0006715459749102593,"w":0.9986505508422852},"size":1043.635498046875,"orthographic":true}