{"cameraMode":{"drawMode":0,"name":"Shaded","section":"Shading Mode"},"sceneLighting":true,"audioPlay":false,"sceneViewState":{"m_AlwaysRefresh":false,"showFog":true,"showSkybox":true,"showFlares":true,"showImageEffects":true,"showParticleSystems":true,"showVisualEffectGraphs":true,"m_FxEnabled":true},"in2DMode":false,"pivot":{"x":344.78509521484377,"y":297.9051818847656,"z":-75.1793212890625},"rotation":{"x":0.060858406126499179,"y":0.005988658405840397,"z":-0.00036272479337640107,"w":0.9981083869934082},"size":296.12957763671877,"orthographic":true}